"@_ultravioletred @jersonality If their ED was done by a CPP cadre, the educator would've been reprimanded for sure. Whoever that educator is, they're probably still thinking in the 90s. Wake up kas, RA/RJ split is not that relevant anymore, lol. Embrace your comrades like what Neri, Labog, and Zarate did."
@lukatmhe Colmenarez family ay part sa legal front ng NPA. At saka may first cousin si Angel Locsin na big time drug dealer ng shabu sa Cebu. Siya ay former Local Beauty Queen. Mismo si Neri Colmenarez naki usap sa mga police na wag galawin or itumba.
"@weirdnow1 @pnagovph yay ğŸ˜‚ğŸ˜‚ğŸ˜‚ kaya pa nmn mag pakamatay yang sina Elago,Zarate,Colmenares,Nato Reyes sa pakiki bakbakan.Tanggaaa yung mga nasapi sa NPA"
"@ColmenaresPH Shut Up Colmenares NPA. SALOT KA
 
 #Nerveagain"
AHAHAHAHA neri niyo NPA
"Hanggang sa Ngayon walang statement Ang mga hinayupak na CPP NPA si Marco Valbuena at mga Makabayan Bloc hinggil sa pagkalagas Ng tatlong leader nila sa Mindanao ,Colmenares Bata mo lagas na! Ano na Naman mga kwento nyo?"
"@KoigoesB The NPA was a major contributor to his father's downfall. He really needs to let them have it, for himself and the country. We have teached Sri Lanka's awakening against the Tamils. Jail the likes of Sarah, Neri and Teddy. Enough commie BS. No more fish talks."
@News5PH Si colmenares NPA pala to hndj si Carpio
@News5PH eh ang @BayanMuna gaano kadami ang kasalanan nila? papatawa itong si @ColmenaresPH . patigasan na ng mukha. kung makaakusa ng ibang tao akala mo napakalinis. eh daming kabataan na namatay dahil sa NPA at isa si Colmenares ang dahilan bakit sumanib ang mga iyon
"@Fairboz1 Sino ka para magsasabi sa amin kung sinong deserving? Dahil sa totohanan lang, ikaw Colmenares at mga kapanalig mong CPP NPA NDF ang tunay na SALOT ng Bayang ito."
"kahit naman walang pandemic. hinaharang mo ang pagbili ng mga military infrastructure. so ULOL ka lang talaga. NPA REPRESENTATIVE NERI COLMENARES!
 
 HUWAG IBOTO!"
"@ColmenaresPH Para maubos na ang mga NPA. Sana nga tamaan ka na rin ng bala Colmenares. Kahit ligaw lang. At di mo naman kailangang intindihin iyan, basta kailangan iyan, para sa tulad niyo... Mga salot"
"To NPA representative neri colmenares
 
 The Philippine Army, through its Armor Division, has acquired a newly delivered 15 M125A2 Armored Mortar Carrier (AMC) equipped with 120mm Mounted Mortar System (MMS) from Israel's Elbit Systems on December 29, 2021.
 
 https://t.co/LQ1qLRW3SX https://t.co/ecBD3ptX0x"
"@IceMixch @ColmenaresPH Para yan sa mga alipores ni colmenares, pra maubos na mga npa sa bundok ğŸ¤£ğŸ¤£ğŸ¤£"
@ColmenaresPH Neri boy diba npa ka takot kna ba bka i battery ka ng armalight or gunship ka sa kuta mo?
@ColmenaresPH It will be used to finished off terrorist like you ... mga salot kasi kayo sa lipunan.. kayo ang nangugulo sa tahimik na bayan nato... neri you are a terrorist npa
"@ColmenaresPH COLMENARES, you are undeserving as a government officials. You better off go to mountain and stay with your comrades NPA."
@loidasandiego77 Hahaha pasalamat itong si colmenares at hindi pinutol ang titi nito kulang pa yan parusa sa kagaya nyang pasaway sa gobyerno at kahit sabihin niyang tinumbong pa hindi ko ibubuto ang isang kasapi ng teroristang npa
"@IceMixch @ColmenaresPH Alangan naman giyerahin ang sariling kasundaluhan, syempre ang mga alagad ni Colmenares na NPA at kailangan ba dapat may giyera para bumili? Palibhasa purp kayong mga troll ng Ina Nyo."
@ColmenaresPH mr. colmenares natatandaan niyo pa ho pa pag punta niyo dito sa hong kong ni gordon? tuwang tuwa ang mga tao di ho ba.. ngayon ho wag na kayong magtangka kasi ikakampanya ko pong wag kayong iboto dahil salot kayo sa lipunan dahil isa rin kayo sa miyembro malamang ng NPA
"aayyyssuus ğŸ˜‚ğŸ˜‚ğŸ˜‚

anong pang lalaban ng Gov't. sa kasapi mong NPA laway na duduraan lang tunaw na kalaban? Takot ka lang Ka Neri ğŸ˜‚ğŸ˜‚ğŸ˜‚"
@ColmenaresPH Huy Buteteng Neri...Tama lang na bumili ng gamit pang giyera ang government. Para ubusin ang mga kasapi nyo na mga SALOT na NPA.
"mas totoo ito at may pagmamahal sa bayan kaysa mga trapo at NPA enablers like gordick, virushonti, binay, delima, trillanes, Villanova, gatchalian, zubiri, trapoe, colmenares, jokeno"
@sandiego_gas Mahirap planohin ang manguryente ng titi ng iba niloloko tayo ni Neri Colminares sinungaling iyang NPA na iyan.
"@LilMsMalditaMD Samantalang mga recruits ng NPA (na kaibigan nina Bello, Colmenares, Elago, Casino at Zarate) 12 years old pa lang nagsasanay nang pumatay (at sa babae,pakangkang kay Kumander)!!!"
A COMMUNIST ALLY like this person NERI COLMINARES should not be voted and get a post in the senate....guys  NPA supporter yan a traitor to PH government ğŸ¤¨ğŸ¤¨
@ColmenaresPH Neri - inutil na recruiter ng NPA
@ColmenaresPH AYAW NA NI COLMENARES MAGPAKITA DITO SA PROBINSIYA! KILALA KA NAMIN NA RECRUITER KA NG NPA! KAYA PANAY IWAS NIYO PA DITO KASAMA NA RIN SI ZARATE!
@bigberde @khen0t24 @iMthinkingPinoy SMNI dyan yata ung interview sa isang nag surrender na rebel tapos ibinulgar nya ung pagiging lider ni NERI COLMENARES sa kilusang CPP-NDF NPA na tumatakbong SENADOR sa ilalim ni VP LENI
"@ColmenaresPH SHUNGA? AY GAY LANGUAGE! BAKLA PALA TO SI KEN KEN! IKAW NA BOBO KA AT WALANG KWENTA, SANA MA RECRUIT KA NG NERI MO, PARA DALHIN KA SA BUNDOK AT PAG PARAUSAN NG MGA KOMANDER NG NPA!"
"Neri colmenares hayop ka, npa terorista ka pa. Demonyo ka!"
"We already know them very well Karen. Di na namin kailangan panoorin pa sila sa zarsuela ninyo. Yung ayaw namin kilalanin eh yung wala kaming balak iboto, kagaya ni Ka Leody at NPA Colmenares. https://t.co/qALYSepg7k"
"@PaxtonDy Nagsalita ang  punagmalaking nakuryente ang iisang bayag, wag ka na Neil Colmenares. Bilang na araw nyo mga unggoy ni Joma Sison. Paubos na mga uto uto nyong NPA sa bundok, at bumalimbing na ang iba sa NDF nyo.ğŸ˜‚ğŸ˜‚ğŸ˜‚ğŸ˜‚"
@ClosetMenChu @olymichael @ColmenaresPH @atomaraullo Yan ang hindi maintindihan nga mga tangang kakampink...tignan mo si neri colmenares puro ngawngaw...sa ngawngaw lang malakas ...NPA kasi ang gago
"@mlq3 NPA Supporters! Akbayan at Colmenares, radical extremists"
@mannycatabas @ColmenaresPH Impeachable dba? bakit ayaw magfile ni Neri ng Impeachment Case kay Digong? hahahaha ğŸ¤£ Tanong mo si Neri kung bakit alam nilang 25K ang food budget ng oversize NPA platoon sa loob ng 2 buwan.
"@NarsFlorence @notetoself47 @ColmenaresPH Tanongin mo nga si Neri pano nya nalaman na 25K yung budget sa food ng oversize NPA platoon for 2 months? 
 
 Impeachable pala hidi mag public ng SALN bakit si Duterte ayaw niya ipaimpeach?"
"@ColmenaresPH  ""Neri Colmenares and Rene Magtugbo, I was told, said no way would the finance officers of their ""party groups,"" whatever these are, authorize an allocation of P25,000 for a dinner. That's the food budget of an oversized NPA platoon for two months, one of them explained.""ğŸ˜‚"
"@PhilstarNews To tell the Truth , Why dont you tell Mr. Colmenares that your Bayan Muna party list is a legal front of CPP and you are allied with Joma Sison , tingnan niyo muna sarili niyo bago kayo humusga ng kalaban niyo sa politika."
"@ColmenaresPH Yun lang Neri, ikaw nga NPA hndi umaamin, salot!"
"@inquirerdotnet Sige pa Colmenares, isiksik mo pa sarili mo. Wala ka pa rin pagasa manalo. Bumalik ka na lang sa bundok kasama ang tropa mong NPA"
"nag-iingay ka din tulad ni Rowena Guanzon?ğŸ¤£ğŸ˜…ğŸ¤£
Ka Neri na NPA di na uubra style mo at alam ko ngayon pa lang takot na ang Grupo niyo dahil pag nanalo si BBM ğŸ˜…ğŸ˜…ğŸ˜… utas kayo."
"@jd_specter @LakasNgTimog Mas maraming pinatay ang mga NPA, bakit ayaw nyo na humingi ng tawag din si Joma, Chel, Satur, Colmenares, Sarah Elago at mga ibang alipores ni Jomang NDF?"
"@Sinel1Sinel @iampinglacson @MargarethMiche6 Haha si Abnoy pa ang ina admire na minura ng isang Ambassador ng Amerika noong kasagsagan ng Hearing ng SAF44 mismo sa Malacanang.Pathetic.weeeh, di nga kinalaban niya ang mga NPA eh, tiklop nga sya sa mga Teroristang si Colmenares noong sa senado at nilaglag niya ang NTF ELCAC"
@ColmenaresPH Si Neri ay kasapi ng NPA. End of story.
"1Sambayan is actually a museum of trash. So, you are a perfect addition to that, NPA Colmenares. Congrats!"
"@bongbongmarcos Because Robredo is NPA, then Guanzon & Neri who point their finger at me from ""right"" to UP Left are NPAs too since they will vote for Robredo and not Marcos.- Domingo, Intelligence Chief, CPP-NPA."
@PhilstarNews @XaveGregorio NPA advocate Colmenares endorsing vp leni? So they are friends.
"At akbayan partylist member si Risa Hontiveros, Chel Diokno pro NPA at pro criminals, Colmenares my pamangkin na drug lord as cebu nahuli last 2017 at pro NPA at iyong iba trapo ğŸ˜‚ğŸ˜‚ğŸ˜‚"
"@PhilstarNews saan galing ang boto ni Colmenares na 30 millions? haha bolahi mo mga Npa na kasangga mo, kung may natira pa."
"@ColmenaresPH Mr NPA Colmenares, hindi ka bagay sa Senado. Communist funk."
"@Pjgaron0 By all means try girl ,try , mas maganda sumama ka sa NPA ,at may kataga kang maririnig ,magiging lechon or cornbeefğŸ˜ğŸ¤”ğŸ‘ŠğŸ¤£ğŸ—ï¸ğŸ’©ğŸ—ï¸ sige na subukan mo lang dala ka granada isama mo na si neri/teddy casinÃ¸/sarah elags na membro ng npa try pls try"
Sardinas at noodles ang pinaglalaban ng NPA hahaha ğŸ¤£ğŸ˜‚ğŸ˜… nasaan na yung pondo ng NPA? nagamit na ba ni Colmenares? ğŸ¤£
New People's Army or NPA leader Joma Sison officially endorsed the candidates Leni and Kiko along with a Pro-communist Neri colmenares. The names I mentioned are people you should not vote for because they are allies of a terrorist group. https://t.co/s8bg2N8g2F
New People's Army or NPA leader Joma Sison officially endorsed the candidates Leni and Kiko along with a Pro-communist Neri colmenares. The names I mentioned are people you should not vote for because they are allies of a terrorist group.
New People's Army or NPA leader Joma Sison officially endorsed the candidates Leni and Kiko along with a Pro-communist Neri colmenares. The names I mentioned are people you should not vote for because they are allies of a terrorist group.
"No way for the TERRORIST NPA to put its finger in a democratic government. Neri Colmenares is an NPA cadre. For Leni and Kiko, they have sold their souls to the TERRORIST for their selfish ambition and greed!
This canâ€™t be clearer than this."
@ralphjms Kasi nga dilawan si diokno at bata ni sison si colmenares. Ano mapapala mo sa kanila?. Robin will not win though pero mas ok na siya kesa dilawan at NPA.
"@ralphjms Why the fk would we choose Diokno and Neri eh they aligned themselves with the leftists?! Shuta lang? Lol. A good CPP-NPA-NDF is a dead one, including their cohorts and those who are aligned with them."
@ralphjms Yes kasi npa yan neri colmenares nyo at ung chel diokno nyo pinagmumulan ng gulo. Matalino mga pinoy ngayon wahahahaha
"@thomaspambid Binay, de Lima, Colmenares (with NPA ties), and all NPA legal fronts endorsing Leni.** 

The NPA will never become the lesser evil. ğŸ’…"
"@VictorN81097206 @TetsMakino @bongbongmarcos And Leni has Binay, De Lima, Neri Colmenares and the legal NPA fronts. Try harder. ğŸ’…"
"Kung ano yung naging pinagkakagawang kasamaan at kasalanan ni Joma Sison at yung mga alipores niya sa CPP-NPA-NDF (such as Zarate, Elago, Brosas, Castro, Cullamat, Gaite, Colmenares, CasiÃ±o, Ocampo, atbp.) ay nasa kamay ng nila Robredo, Lacson, Pacquiao, Moreno at Ka Leody."
@Shortee3MEW @cheetahxmkl @aviislegit Bakit si binay kasama sa senators ng nanay mo? De lima is convicted. Neri colminares is NPA. Ikaw amg mgisip isip. Kainin mo sinabi mo hahha
Uncovered | This notorious WANTED terrorist leader of the CPP NPA in Bukidnon and Cotabato is no less than Charisse Bernadine Banez alias Ka Nikkie. (with Neri Colmenares &amp; Sarah Elago) https://t.co/wW8WrF4YF9
"@Dayanneeei Back to you-- galit sa magnanakaw pero kasama sa slate mo si binay, yung isang linked sa npa si colmenares, yung drug queen? The hypocrisy."
"@pmjamilla Big No to communist. Neri Colmenaris is one of them since pinaglalaban mo sila, tinanong nyo nlng din sana anong pinaglalaban nilang mga NPA dati ğŸ˜‘ kng d yan sila nagrebelde may mabibili pa sanang pagkain sa sentimo centavos ngayon. Libre/mura ang kuryente at tubig. Ano ho?"
@pmjamilla Take it from the NPA like Colmenares.
"@pmjamilla lol Neri is a terrorist apologist. his group couldn't even condemn the traitorous acts of CPP-NPA-NDF, what else can you call him and his ilk?"
"@pmjamilla Recall: 
 - Neri in his youth was a member of one of the CPP front groups. Wala syang pinag iba kay Sarah Elago ngayun.
 
 - Neri was a Bayan Muna PL congressman. No introduction needed. 
 
 Martial Law was declared to thrash Communism, wherein Neri is one of them."
"My father was born 1946 in Samar Leyte. Sabi nya, anti-gov at NPA lang daw yong against kay Marcos noon.
 
 Eh kung nakuryente ang titi ni Colmenares sa panahon ni Marcos. Ano si Colmenares?ğŸ¤”ğŸ˜
 
 Paki ask ng mga Lolo at Lola nyo kung tugma ba sa kwento ng tatay koğŸ˜Š"
@ColmenaresPH No to NPA terrorist mga nangungutong. Enabler ka no to colmenares
@jaytwotheworld @143redangel Tama huwag iboto ang uncle ni angel na si colmenares na NPA
"@PhilstarNews So iboto yung sumusuporta sa mga walang kwentang teroristang NPA? Gaya nalang ng tyohin mo? Oh ikaw mismo,,angel pa naman pangalan mo...kasuklam suklam ang galawan ng ideolohiyang NPA,,,mapanira sa bayan. Wag iboto si Neri colmenares at mga partylist na may kaugnayan sa NPa"
@pmjamilla Dapat lang pala matorture ni Neri... NPA sya eh
@Snorlax_0330 Angkan kasi ng NPA si angel locsin... tiyuhin nya si Neri Colmenares n makakaliwa kuno!
@tatz___ ayaw namin sa kandidato na kasapi ng tito mo @143redangel kasi baka pag nanalo yun lumakas ulit partido ng tito neri mo at ang NPA. marami na namang bata sa unibersidad ang madadala sa bundok pra mag aklas and worst ipaparape sa mga kadre ng NPA. kaya no to your tito and leni ğŸ–•ğŸ–•ğŸ¤¬
@Eduardo83549292 Ang kinabukasan nila ay hawak ng mga NPA like colmenares na sinusuportahan ng nanay niyo. Gising! at labanan ang komunista hindi suportahan!
"Aaalahan nyo na yung kasalanan ni Joma Sison and the rest of CPP-NPA-NDF such as Zarate, Elago, Brosas, Castro, Cullamat, Gaite, Colmenares, Ocampo, CasiÃ±o, Reyes, among others ay nasa kamay nila Robredo, Pacquiao, Lacson at Moreno, kasi may bahid na kasalanan rin sila."
Very NO to COLMENARES!!! Isa kang NPA enabler
"@laarnie888 @amigoManila Do you think an NPA supporter will care about our children? Tingnan mo nga mga kasama ni Leni, MAKABAYAN, TEDDY CASINO, GABRIELLA, NERI COLMENARES. https://t.co/fBMTOxGGPb"
"@habibi_tinatina No neri bayot, kakampi ng mga salot na NPA."
@theninaellaine @migzzubiri @JojoCBinay @ColmenaresPH @lenirobredo AYAW NIYA ILAGAY KASI NAKAKASIRA NG LINEUP ALAM NAMAN NG LAHAT NA MAY LAHING NPA ANG ANIMAL NA COLMENARES.
@AltSyaoranLi Chel Diokno pwede pa.... Colmenares = CPP/NPA
@ColmenaresPH Never vote these idiots and include Neri Colmenares hiding in the skirt of NPA. https://t.co/WarPiIuEVv
@sehun2345c @ErnieNavarro15 @LilMsMalditaMD Mismo.. Colmenares isa rin Pro NPA kaya siguro hindi nila ma call out ang NPA kc sila mismo maka kaliwa
"E hidi ganun din pala si leni nyo, nasa hanay niya ang corrupt na si binay, ang drug protector na si de lima at npa na si colmenares, kaya pala ipapaalis daw ni leni ang elcac kaya kawawang pinas, magsasaya ang npa at iba lang makakaliwang grupo, communist country tayo pag si leni na."
@IanMakabayan Not Neri! He's a leftist..No NPA should infiltrate the #BBMSaraUniteam the Lineup should be a Solid Uniteam..
"Memapenk does not even know what is EO70. She also did not give a damn about NTF-ELCAC until she run for president.
 Whatever her claim of support to the task force, still she cannot deny the fact the she allied herself with the CPP-NDF-NPA by endorsing Neri Colmenares."
"@kayethln @aupijuan Baguilat. Graft Case. Trillanes. Jailed for rebellion. Risa Philhealth scandal. leila de lima, In jail as drug protector. Diokno, consultant for tax avoidance . Colmenares, friend to CPP NPA. David d'angelo, kalikasan. Please tell me the tarps in your page are biodegradable!! https://t.co/RxYbmhtXRi"
"@AlfredoGenomHanep sa trivia ng mga stupinks. Yung kamag anak na NPA nga ni Angel na si Neri Colmenares, ilang Senatorial elections na lagi niyang ineendorso, hindi manalo nalo ğŸ¤£ Partida, kasikatan pa niya noon. Pano pa ngayon na has been na? ğŸ¤­"
"Actually, the CPP-NDF-NPA have a broad tactical alliance with the Leni-Kiko ticket.
 Evidently, the inclusion of CPP-NDF-NPA fielded candidates, Neri Colmenares and Elmer Labog are one of those proofs."
"Ang galing daw eh sapaw naman sa mga BBM supporters. Wahahhahahha tago mukha pa tapos Tuta ni Colmenares pa. Ewwww Naku po, NPA enabler! Tama na! Palitan na! Rebelde!
 
 https://t.co/uHiGOgS5ea"
"Kelan ba naman umamin ang mga yan na NPA sila ğŸ˜‚ğŸ˜‚ğŸ˜‚ pag na Red Tag galit pero ang gawain nmn ay NPA.. 

Di naman mapagkakatiwalaan ang CHR ğŸ˜‚ğŸ˜‚ğŸ˜‚ dahil meron din NPA na humahawak diyan.. 

Si Colmenares nga ğŸ˜‚ğŸ˜‚ğŸ˜‚ di naamin eh yung iba pa kaya.Turo na sa kanila yan"
"@chillycalortiz @Jollibee andun sa hanay ni leni ang corrupt na si binay,ang drug protector si de lima,at colmenares na supporter sa bayan muna at makabayan bloc na sinusuportahan ni joma sison na founder ng npa kaya nga tatanggalin daw ni leni ang elcac once manalo siya. communist country tayo once manalo."
@ColmenaresPH team buwang ni Neri npa colminares
@radbob79 I drop si zubiri at tuluyan ng mangamote sa Mindanao... Neri pa.. Naglagay lang ng NPA sa senado ng gobyerno
@grantmeanewlife @lukeconde07 Kaya nga nasa line up nang pinklawan si Colmenares na alam nang lhat na isa sa mga taga suporta nang NPA.. Kaya nga ayaw nyo kay DU30 kc binubomba yung mga NPAğŸ˜‚ğŸ˜‚ğŸ˜‚
"Fact; CONFIRMED CPPA NPA ALLY SINA CHEL DIOKNO AT SI NERI COLMENARES AT MOSTLY NG PINK LAWAN CANDIDATES

Talasan nyo mga maga nyo sa mga kaalyado ng kumunista na pilit pinapasok ang gobyerno ng Pilipinas ğŸ˜ğŸ˜ğŸ¤¨"
@ColmenaresPH NPA THe Evil like Colmenares.
@ColmenaresPH ğŸ˜‚ğŸ˜‚ğŸ˜‚Colmenares ay isang member ng legal front ng salot at teroristang CPP/NPA/NDF... https://t.co/8PPhxT4J3t
"@jcmanila Unggoy mo Neri Colmenares, kayo ng mga kasama mong NPA NDF ang Demonyo at salot ng bansa. konti nalang, mauubos din kayo king ina nyo!"
@sandrobanana_ @meceelee Pati si diokno colmenares mga kasapi sila CPP NPA NDF
@maryirmin @raissawriter Colmenares? Kasabawat naman ng mga NPA tawag sa kanya âœŒï¸â¤ï¸ ğŸ’š
Colmenares really means the evils of the npa terrorists and its kabag
"Disente ba kamo? Turo ni Colmenares, ni Leni at ng mga dilaw na pink. Husay magpalaki ng NPA."
"Don't vote for NPA groups like Anakbayan, Makabayan and of course, the likes of Neri Colmeneres who are all supporters and cuddlers of this terrorist group."
"@maaaaaaiiiee07 @ngoelvis @GerryCacanindin Baguilat graft. De lima, In jail as drug protector. Trillanes jailed for rebellion. Neri links with terrorist group npa. Risa links to Philhealth scandal. Gordon di nag soli ng 86m despite sc order. Diokno, consultant ng abs in how to dupe the govt and representing someone who"
DO NOT VOTE NERI COLMENARES A supporter and ally of CPP NPA https://t.co/hdcmdtHr5Q
"@juswable @manilabulletin Baguilat, Graft case. Trillanes jailed for rebellion. Delima in Jail for drug protection. Risa links to Philhealth scandal. Gordon 86 M na pinapasoli. Neri links to terrorist groups NPA. Diokno consultant for duping the government and representing someone without informing."
@loidasandiego77 Ang tulad ni Neri Colmenares ay isang palihim na terorista sa taumbayan. Hindi nga niya masabi na ang mga NPA ay mamamatay tao.
@jaytwotheworld @lenirobredo Colmenares?! NPA lovers!!! OMG ğŸ˜ƒ Never never never
"Sasama kayo sa NPA, lalaban kayo sa gobyerno. pag namatay kayo sasamahan ba kayo ni Joma at Colmenares? ğŸ˜‚ğŸ˜‚ Mga unggoy! Galawang US din yan. Iiwan kayo sa ere niyan."
kumunista nga kc sinusuportahan nyan CPP NPA Chel Diokno at Colmenares mga leader ng CPP NPA d nga nila ma condemn ang grupo kc kasama sila sa mga kinikilala leader at hindi alng sila madami na sa senate Ã°Å¸Ëœâ€˜Ã°Å¸Ëœâ€˜
"@amigoManila @YesYesYo13 ie tag si risa/zarate/neri/nato/elago/cullamat /leody eto ang mga dakilang hypocrites, pero may takino rin kasi nakikinabang sila sa extortion / kidnapping/business syndicate ng terroristang NPA na kasama nila"
@ColmenaresPH @teddycasino An alliance with the puppets of Oligarchy only proves the false promises of the CPP-NPA-NDF to which the Makabayan bloc belongsâ€¦â€¦. FAKE STRUGGLE by communists in capitalist cloaksâ€¦ REVISIONIST TEDDY CASIÃ‘O AND NERI COLMENARES IN ACTION DIRECTED BY REVISIONIST JOMA SISONâ€¦..
"@khyncstllo0__ Pity on me? Eh kayo yung sumusupporta sa kandidatong may hanay na CPP-NPA.
 joma sison endorsing the leni kiko tandem and his dog neri colminares.
 Id say, pity on you.
 kita nyo ba yung katutubo kagabi? Ani sigaw nila? No to cpp npa, tapos nanay nyo may neri sa slate. Lol. Eww https://t.co/1C3dYpxj8D"
"Same old statement and strategy Mr. CADRE COLMENARES, pa-VICTIM EFFECT ka nnman at pinapalabas na INAAPI. WTF! Kabisado na ng buong bansa ang stratehiya at mga pananalita mo! CTG CPP NPA NDF MOVEDâ€¦basag na basag na mga statement mo hoy!!!"
@_unknown33440 Colmenares ayos lang na wala ka dahil isisingit mo na naman ang pagka NPA mo...tsupe.
"@ELFilibustero @discreetpinoy3 Stop projecting. Look at Leni's senate slate. Pati nga mga aligned sa NPA pinapatos nyo. Gawain nyo kasi yung ""enemy of my enemy is my friend,"" pero di nyo matanggap sa sarili nyo na kahanay kayo ng mga makakaliwa gaya nina Colmenares kaya pinapahid nyo sa iba ang kapotahan nyo."
"BAD COMPANY CORRUPTS GOOD CHARACTER 

Nagkandahawa hawa na sila ng corrupt na palininiwala

Risa & Chel- pro Divorce & SSM
Kiko- Napaka trapo
Leni- Mandaraya
De lima- Drug issue, unfair to Former Chief Corona 
Trillanes-Hambog
Neri-related to communist/NPA

Bka 2 mahahawa rin??"
@_unknown33440 Hindi mo alam colmenares eh isang Kang NPA spotted hnd mo natatandaan na hnd iimbitahan ni pastor quiboloy Ang may bahid Ng NPA
"@QMotherGothel Hontiveros - philhealth
 De lima - drugs
 Colmenares- NPA
 Trillanes - Siege mutiny
 Espiritu - NPA
 
 The rest never heard!
 
 Wala na bang malinis-linis pa!"
"@theklmanuel @lenirobredo Drop ko si zubiri, pero never kong iboboto si colmenares npa sya"
@vinnysisand @madgumera Sure yun...at mas kawawa mga kasundaluhan natin...NPA supporter yan...like neri colmenares..
"Neri Colmenares, ibinulgar ng kaniyang dating tauhang NPA https://t.co/EvpZzzGMCK via @FacebookWatch"
@2022Solid Colmenares and Hontiveros are in their senatorial slate! Both are bonafide CPP/NPA/NDF officials. They are good at mobilizing people to support their political agenda.
"@BenjiCruise @Estrada21Karla E si leni ba, di ba nasa hanay niya naman corrupt ( binay), de lima ( drug protector) colmenares (npa).wag na lng magmalinis,dahil kakapula nuo,nakikita pabalik sa nanay nyo sinasabi nyong somusuportahan, mas masahol pa nanay nyo dahil nasa kabataan ang pag asa ng bayan."
@dzrhnews @xtian_mano Madami kasi NPA jan... tanong nyo kay Neri baka kilala nya...ğŸ˜
"@LakasNgTimog Unggoy na bolero; balasubas nung Congressman, ano aasahan mo sa gagong ito sa Senado, palaguin ulit ang namamatay ng NPA NDF sa bansa pag naka tsamba ang mokong na to Colmenares na ito."
"@News5PH Kahit news5 alam nilang npa yang si colmenares , kunwari di nila alam"
@ikadxplorer Colmenares is an NPA! So wala talaga? Gago lang ang maniniwala
"@TrillanesSonny Kasama mo na nga sila Colmenares at Hontiveros naghahanap ka pa?! Matagal nang pinangalanan yang si Colmenares na NPA,.
 Kaya sa tingin nyo maniniwala ang mga tao na wala kayong katarantaduhan na ginagawa?! 
 Matulog ka lang at mangarap na lang pero ndi kna mananalo"
@ai_ceniza Bakit si NERI sabi ng kakampink! KASI NPA!
"@koalakates @manilabulletin Tanong mo sa ina mo ,kay Neri at Sharon. Huwag sa akin ! Wala akong panahon sa mga CPP sympathizers."
@HunterXE47 @manilabulletin As if nman na di totoo na may alyansa sila Leni sa NPA at ibang kominista!!! Andyan si Colmenares di ba??? Ewwâ€¦
"@ColmenaresPH KKapal ng Mukha mo Neri NPA, daming pinatay ng grupo nyo, alam ng mga tao yan, Kya khit magmalinis ka, khit ilang beses Kang tumakbo, talo kp rin!!! Magsama sama kyo ni Riza ğŸ¤£"
"@smninews @lenirobredo The mere fact that Colmenares and Hotiveros in your Senate slate is proof that you have an alliance with the CPP/NPA/NDF! Have you forgotten, or you don't know, that Colmenares and Hontiverus are high officials of CPP/NPA/NDF legal fronts Bayan Muna and Akbayan, respectively?"
@amigoManila hindi papayag si madam i kasama nyo nga lagi si colmenares at suportdao kayo ng kamatayan black anong ibig sabihin nyo yan diba mga suporters ng NPA YAN MGA LEADER PA NG NPA
"@smninews @lenirobredo Kung ayaw mo ma red tag bitawan mo ang mga kandidato na may ka ugnayan sa CPP NPA NDF tulad ng Gabriela, Bayan Muna, AKBAYAN, at Kabataan partylist. Bitawan muna rin sa senate slate mo sina Risa Hontiveros at Neri Colmenares..ganun lang yun ka simple..."
"Ayoko kay Neri Colmenares
 Ayoko kay Luke Espiritu
 Ayoko kay Chel Diokno
 Ayoko kay Risa Hontiveros
 Ayoko kay Leody de Guzman
 Ayoko kay Walden Bello
 Ayoko kay Leni/Kiko
 In short, ayoko sa CPP NPA NDF
 and their cohorts"
"@soltaule @heyjaydreamerr @ColmenaresPH Dancing NPA, congrats Colmenares."
"@xyz21110 @reyna_elena Ang panget kasi jan nagmamalinis. NPA supporter si leni, sasabihin niya hindi kahit dami ng proof lalo na yung senador niyang si Neri."
@smninews She is not being red tag kundi she is identified na kayo ang sumusuporta na cpp ndf npa diba colmenares isa kang senator slate ni fvp leni.
@ColmenaresPH hwag iboboto mga NPA tulad ni Colmenares!!
No to NPA supprters like you mr. colmenares! Itaga mo sa bato di ka mananalo!
@SirRenzSaavedra @angelica_114 hahaha langya drama lang yun ipaglaban nyo mga NPA ikaw angelica wala kang alam sa buhay sa probinsya kung gaano pahirap yang mga tropa ni colmenares na NPA sa may mga lupain doon.. kaya di nanalo yang matanda na yan kshit umkyak pa ng dugo yan di mananalo yan
Nope. Never voting for anyone with ties to NPA. That's a deathwish for my brothers in the military. Colmenares can cry all he wants but there's a lot of blood on his hands. NO.
@sarahelago NO TO NERI!!!! NPA is WAVING
@TrillanesSonny The CPP and its sympathizers cannot be trusted. Neri Colmanares himself has refused to disavow the CPP-NPA armed movement up to now (not fake news -- check it out). Just sa NO to Neri Colmenares.
@TrillanesSonny Never voting for Neri Colmenares. Never vote for someone who supported the killing of Filipino soldiers fighting for protection of Philippine security. CPP-NPA-NDF only exist for the destruction of country and Filipino values.
@cnnphilippines The term red-tagging is their refuge. Fact is Leni-CPP-NPA is apparently real as the communist fronts personalities like Colmenares and others are on same stage with Leni and endorsing her candidacy.
"I think, as a former AFP, Trillanes is against the collaboration of NPA and their party kaya sinipa s'ya in favor of Neri, the true-blooded NPA.
 
 #CaviteForBBMSA
  CAVITE GRAND RALLY"
"@Nyoxz2 @Iam_Baneng si neri may mga npa supporter, ikaw wala, ğŸ¤£ğŸ¤£ğŸ¤£ğŸ¤£ğŸ¤£"
"@BelloMaricelle @yanitokz Anong tingin mo Neri Colmenares. Last election ba binoto mo siya? Isa yan sa mga anti-govt. NPA yan. Mixed ang line-up ko. Yung otso diretso nila, ni isa walang nanalo last election. Ayaw niya lang madikit sa color yellow, kaya naging pink. Nyay!"
"@Nyoxz2 Si leni may pinkachu, Si neri may npa ikaw may magdalo naman, wag na iyak trililing."
@143redangel At kami magsasakripisyo. Kaya pala dahil pamangkin ni colmenares na npa din.
"@ellacolmenares @ColmenaresPH Mabuhay ang NPA nag aaway ung mga kakampink..ğŸ˜‚ğŸ˜‚
Neri pro npa vs trillanes ex sundalo..ğŸ˜‚ğŸ˜‚"
@TrillanesSonny Neri pro NPA vs trillanes the ex sundalo..nag aaway mga kakampinks..ğŸ¿ğŸ¿
@MackinleyZamora Neri is on the side of the CPP everyone knows that...
@mharvzolivarez @lenirobredo @aikarobredo @jpgrobredo Maging leftist ka na lang kasi kasama si colmenares na isang cadre ng NPA..kung hindi mo pa alam ang ginagawa ng mga NPA mag research ka..ang daming human rights violation sa aming bayan..gusto lang ni angel locsin na bumalik ulit ang ABS CBN yun lang PERIOD.DENY NPA
@jp20211985 @MaggieLagura @ChairAndyBau @ABSCBNNews @makilingmiracle @MannyPacquiao @lenirobredo @sherieanntorres Everytime lacson run 4 pres.. i voted him..but this time i go BBM to redeem their family name and make sure PUPPET LENLEN dont win.. i dont want another cory at the palace.. a goverment run by their adviser and leaning to NPA.. colmenares on senate slot and activist on her rally https://t.co/1JucmwSk2P
@Ann128607 @JustMe80041125 @akoeto0078 @alexander08_KDD Hindi nga nadanas ng lolo at lola ko ung hirap at sinasabi nilang torture eh. Ung mga pasaway tulad ni Colmenares na isang NPA ğŸ¤£ğŸ¤£ğŸ¤£ğŸ¤£
@Iamqwertyuiopa1 @ColmenaresPH NPA Ang Mga iyan bakit ninyo iboboto do colmenares... haha ğŸ¤£
"Neri Colmenares had tried 3x to impeach PNoy. Do you think he will not impeach Pres. Leni? Colmenares is a true blue L E F T , like NPA thinker. But he did not tried to impeach Digong because he thought Digong can be Left like him? Research more."
"@Rayo_delaVerdad @PinoyTayo01 @PhilstarNews Makabayan endorses InamongLeni- Kiki, and Colmenares joins their Senate slate Ã°Å¸Â¤Â£Ã°Å¸Ëœâ€šCPP NPA NDF, communist. Red tagging na ba ko?"
@brymac9168 gaga lahi kayo ng mga kumunista lalo na uncle mong si colmenares na isang npağŸ˜¡ğŸ˜¡ğŸ˜¡
"@brymac9168 Angel locsin wagas magsalita na kilatisin haha ang boba mo at hipokrita, eh yang iboboto mong si lugaw, uncle mong si colmenares at tropa mong makabayan block mga Cpp-npa-ndf! Halerrrr anong tawag sayo???? ğŸ™„ğŸ™„ğŸ™„"
@ColmenaresPH Mop sayo bandila samin. No to NPA NERI ğŸ˜œ
"Naliligo ng lava ni Neri Colmenares, ang sindikato aktibista ng CPP-NPA-NDF. https://t.co/aANLjbpPJP"
@FkekzKeng Who is Angel? Aktibista ba sya? Di ba tiyuhin nya si Neri yung front ng CPP-NDF-NPA? Tapos yung sister nya yung nahuli sa Quezon province? Tama ba? Yan ba ang angel nyo?
"@Heart1212001072 Good for you.
Go ahead vote for your candidate.

But it does not change the fact that your memapenk is endorsing CPP-NDF-NPA cadres like Neri Colmenares and Elmer Labog.
She is also endorsing CPP-NDF-NPA partylist groups such as Kabataan, ACT, BayanMuna, Anakpawis, & Gabriela."
"@Paps_Caloy Kalaban! Kaya nga po NPA for Leni. supported sya ng Bayan Muna, Anak Pawis etc. Kasama pa si Neri Colmenares na member ng NPA."
@Lexi4526162006 @roseap20 @marortoll Excuse me?!? Check your backyard first.. Baka ubg madumb bya ang nag supporter ng NPA. Check nga ung mga senator nya.. Colmenares Hello?!? Rings a bell to you?!
@dzrhnews @ColmenaresPH Gumawa na naman ng kwento ang NPA na si Colmenares
@ggsg18 @ChelDiokno NO TO COLMENARES. NO TO NPA. https://t.co/5Q2bAZme8P
Never to Neri Colmenares isa siyang npa terorista.
"Ka Leody is a CPP-NDF-NPA fielded candidate with senatoriables Neri Colmenares and Elmer Labog.
 He is against the continuity of NTF-ELCAC and support the armed struggle of the communist terrorist."
@Vevenuusss @ColmenaresPH So dinalaw kayo ni colmenares na kadre ng NPA so masaya kau?
@RethLawrence @sa4ubbm7 @bongbongmarcos @indaysara Haller BAKIT IPAPANALO SI NERI COLMENARES eh allie ng mga CPP NPA yan noh! Wag kami! Di yan mananalo itaga nyo sa...sa...ulo nyo yan! ğŸ˜ğŸ˜ğŸ˜ğŸ˜
"@CaroniaVeerustm @jetloggins @chinoichikawa @lem2373 @theadtan @ColmenaresPH Dont include Digong in this issue, because Digong is a wise person, lenlen on the otherhand is dumb, when she says she supports Colmenares that is an outright support for the NPA or maybe she is too dumb and did not know anything about Colmenares."
"@CaroniaVeerustm @Sheena91695537 @jetloggins @chinoichikawa @lem2373 @theadtan @ColmenaresPH Colmenares is either a CPP or NDF member. Sila ang mga nagrerekrut, nang-uuto, at nanggagamit sa mga NPA cadres. Sila ang mga UGAT. Sila ang dapat unang targetin ng militar."
"Kiko Pangilinan is running for VP. The VP is now running for President. And who are campaigning for them? CPP's Neri Colmenares and cohorts from KABAG (Kabataan, Anakpawis, Bayan Muna, ACT, Gabriela) tagged by Jose Ma Sison as CPP's alliance. 
 So who tagged who?
 -Antonio Parlade https://t.co/KtrWdJ84qV"
@SunWild1818 May pa reflect2 kapang nalalaman NPA ka eh kahit satanas tinalo mo sa ka demonyo colmenares ehh umayos ka ha baka d ako makapag pigil di kang itlog mo kukuryentehin ko punyeta ka!ğŸ˜‚
@SunWild1818 Lol mo neri col ewan. Mahilig kasi kayo lumabag sa batas kaya bitter kayo sa martial kasi mga violators kayo kakampi ng NPA MGA SALOT SA LIPUNAN
"@abeabeshaupsaup @jpg_donut @pauloro94768483 @ibanaginthecity Hahaha Ako pa ba? Of course no need mo na turuan. Pro NPA naman talaga si VP D kba na nood ng news sya mismo ang ng support,sinabi yan mismo ng balik pamahalaan. Colmenares, anakbayan,gabriela mga NPA yan. Sinabi nga ni Lacson my NPA support sa kanya. That's True! Kaya kulelat!Ã°Å¸ËœÅ“"
@ColmenaresPH no to CCP/NPA alam na enudoro si @ColmenaresPH Colmenares
@soltaule Sino ka naman po para magsabi kung sino ang dapat at di dapat tularan na mga abogado? Kung lawyer ka ikaw ang di dapat tularan! Support mo pa si Neri Colmenares na NPA supporter! ğŸ¤¢ğŸ¤® https://t.co/prlRsiDe9N
@ColmenaresPH Wala kang pag asa NPA colmenares.. red tagging ha? wag kang mag tago dyan.. di pwede senator na NPA sa gobyerno.
"@prettybhie_ para anu , @sarahelago kayo ang nasa kanayonan, mga NPA/CPP TANGA KABA?? Utak mong polpol..zero VOTE for Sara elago and Nere Colmenares no to NPA/CPP"
"@GerryCacanindin Si trillanes npa din yan kunwari lang yan kaya ng magdalo ehâ€¦halata naman sinibpwersa na kayo kasama na NPAâ€¦colmenares, anakbayan, zarate lukuhin niyo ninuno niyoâ€¦!!!"
"mrs robredo is really in alliance with the CPP-NDF-NPA.
 It is evident in the inclusion of Colmenares and Labog in the senatorial line up of mrs robredo.
 Hector is right to campaign against mrs robredo, to rid our nation with these vermin who made us suffer for more than 50 years."
"@ColmenaresPH Enudoro colmenares alam na, wala kang kadaladala talaga.. NO TO NPA /CPp"
Naliligo ng lava ng sindikato aktibista CPP-NPA-NDF ni Neri Colmenares. https://t.co/2jXOYiImkT
"nasaan mga NPA/CPP nasan si Joma shame on you!nasaan si satur ocampo.. nasan si colmenares, nasan si zarate https://t.co/aTKui0WrDX"
"@ang_makata_00 @barrygutierrez3 @ntfelcac O ano wala ka nang masabi ano??! MAGKALAT KA PA NG FAKE NEWS! Yan ang tatak pinklawan/anti! Hahaha!
 
 Eh yung ina nyong lutang kelan idedenounce ang CPP-NPA-NDF?? LOL! 
 Ay naku, magagalit pala sila colmenares, risa't baguilat! LOL!"
"@onenewsph Obvious naman na NPAs are on their side. Jusme, sino bang partido mag eendorse kay Colmenares? ğŸ˜‚ Or Sino bang hindi na reresearch? ğŸ’™â˜ï¸"
"@KimIndar If only the people knew that Angel aka Angelica Colmenares is the auntie of Neri Colmenares who is a CPP Party member, they would surely do not want to vote for a group endorsing CPP-NDF-NPA fielded candidates whose aim is to grab power from a legit government."
"If only the people knew that Angel aka Angelica Colmenares is the auntie of Neri Colmenares who is a CPP Party member, they would surely do not want to vote for a group endorsing CPP-NDF-NPA fielded candidates whose aim is to grab power from a legit government. #dandancastro"
"@RethLawrence @bongbongmarcos @indaysara hindi  ba yong sister ni Angel Locsin NPA daw, tapos uncle yata si Colmenares, obviously mag ka campaign sya ng bongga para kay Lugaw na supported din ng NPA at ni Joma Sisonâ€¦
NO TO LENI ROBREDO !!!"
@ColmenaresPH kung hindi ka NPA panalo ka sana Colmenares
@whitenargacuga @cnnphilippines @anjocalimario Colmenares sungay ng Npa...
"But colmenares was alighned with NPA according to Ka Eric former kadre. Gadon, Teodoro, Roque are better choice."
@reylanreylan Si Makabayan bloc Colmenares. Ang legal front ng NPA ğŸ¤£âœŒï¸
Wag rin naten hayaan maka upo isang NPA sa Senado kagaya ni Colmenares https://t.co/C3skHPC0eE
"@SocietyTupig 61. Sagip -- Cong. Marcoleta's 
 175. Sambayanan -- Jeffrey ""ka Eric"" celiz's.. ELCAC surrenderee who exposed NPAs K.A.B.A.G partylist, Neri Colmenares, and Leni as their endorsed candidate."
"they say INC indorsed thieves,but how about lenlen who supports NPA like colmenares"
@Paps_Caloy Hahaha huli. May dugong NPA talaga si Colmenares.
"@ColmenaresPH Mga ulol bait baitan lang kayo kapag election, Ikaw Neri never ka naging against sa mga Teroristang NPA, pero pag sa Gov't lahat ng naging Admin my critics ka! Something fishy ka talaga!!"
"@Edcaster Si Trillanes isang coup plotter. Gumawa ng Bikoy videos. Wala naman ginawang batas para sa bayan. 
 
 Si Neri kasamahan ng CPP-NPA. Kakampi ni JOMA. Kahit minsan di man lang kinondena ang pagpatay ng NPA sa mga sundalo ng Pilipinas.
 
 Kampi ka pala sa mga terrorista."
hindi ka cute...nakakatakot mga katulad mo... supporter ng NPA... no to colmenares... no to hontiveros...
@ihateposh @COMELEC I really hope this is legit. Neri Colmenares and the usual noisy party list groups are supportive of CPP-NPA-NDF. They deserve to be kicked out!
"Maging mapagmatayag dahil siguradong mang gugulo yung KABAG dahil Disqualify na mga kampon ng NPA pati si Neri Colmenares. 

aabangan natin ang magiging Drama ni Angel Locsin ğŸ˜‚ğŸ˜‚ğŸ˜‚"
Am i dreaming? KABAG CPP-NPA-NDF TERRORIST CRIMINAL legal fronts are all disqualified? Plus the traitor NERI CRIMINALRES?
"ANGEL LOCSIN tito mo si NERI na disqualified dahil nakikipagsabwatan sa mga NPA. Happy?
 
 Yes we are!
 @143redangel https://t.co/hzclZkT3Tu"
@im_carissa26 Tama lang para walang NPA mga salot lalo na yang neri colminares na yan!
@MissMarisRacal Wag kalimutan member ng CPP/NDF/NPA Colmenares...
"@ColmenaresPH I'm sure talo na kayo Neri with your kampon Dilawan and NPA communist, walang puwang Ang mga traydor sa bayan this election..."
"@aternisizzy yung grandparents ko, NPA victims. Pinatay sa sarili nilang bahay dahil sa ayaw magbigay ng abuloy. 
 Sa loob ng 50 years ng NPA, ilan kaya ang tulad ng mga ninuno ko na pinatay ng walang habas ng mga kaalyado ni Leni? Buti si Colmenares buhay pa, ung lolo ko, wala na."
"@aternisizzy Iyakan na. Yan napapala nyo. Paniwala agad kayo kaso sa kung ano anong nasagap nyo.
 
 Hoy yung martial law victim.. yun yung mga namatay noong panahon ng martial law. Bakit ba. Namatay na ba si colmenares? Eh dakilang NPA yan! Komunista ang hyop na yan."
"@Finnrytter1997 @rowena_guanzon Alam mo sa rural areas Red na Red na yang si Neri ,, kaya madaming naniniwala NPA - Leni , Isa pa Hindi pinansin Ang Rural areas during campaign , puro lang urban ,, Sana Yong H2H naka tuon sa rural Hindi Kilala Ang mga Vloggers , AM/FM radio lang DJ /anchors pro BBM pa nganga na"
"@gmanews Kung alam mo lang Colmenares maraming gustong pumatay sayo, dahil sa mga pinagagawa mo at mga taohan mong NPA sa mga probinsya, inaabangan ka nalang"
@AiraSarmiento14 Doc me baliw o hahahhaha abnormal laba bawal monggoloid sa senado bawal si colmenares dun NPA. Aso
@soltaule @nuplphilippines @BayanMuna MASIPAG NA NPA RECRUITER DIN YAN SI NERI
"@MissMarisRacal NPA RECRUITER, KILALA YAN DITO SA PROBINSYA NAMIN! KAYA TALO YANG NERI MO!"
"@cnnphilippines @jltjavier Sabi ko na eh, CPP NPA NDF Ang mga nagrarally the mere presence ColmenÃƒ res and Labog says it all."
"Here comes the NPA colmenares, Another salot sa pinas~"
@smninews @Sheena_torn Pinamumunuan ng tyuhin ni Angel locsin na si Neri Talunan Colmenares ang protesta ng mga NPA at Komunista. Dapat pag papaluin sa ulo yun mga raliyistang yan.
@benign0 Anjan na naman ang mga prente ng cpp/npa/ndf like elago &amp; colmenares. Sige magpagamit kayong mga estudyante.
@goddessathena67 Si Colmenares kasapi ng NPA yan
@simazhuge @dezhionlee1 @yuweet09 @beeeeerlin @gmanews @dzbb Ayaw kumapi sa NPa?? Lol senatorial slate nuya si Colmenares?? Wala ka talagang brain cells.. immature ka siguro nung pinanganak ka
"@AriqueEddz @TimOntolan Pag traidor sa una, traidor sa huli. Nagkukubli ka pang mabuting tao sa pagkawang-gawa yon pala may malalim pang Pagaaklas. Isa kang NPA at habang buhay ka ng ganyang. Lokohin mo Tito mo Neri Colminares, iisang NPA kayo. Tama na ang pagbabalat kayo."
"Former CPP-NPA Cader, siniwalat ang koneksyon ni Neri Colmenares at ng MAKABAYAN BLOC sa NPA!!
 
 https://t.co/IojZlBFY3S"
"@syltrltgtr @crabby_625 Ilan lang sa mga fronts ng CPP/NDF/NPA na kaalyado ni Leni partylist groups: BAYAN, KMU, KMP, GABRIELA, LFS, ACT, Akbayan. Dahil sa 1987 constitution, nakawala si Joma Sison at naging legal mga yan. Kasama sa lineup nyo sina Risa Hontiveros at Neri Colmenares di ba?"
"@Viethmier1 Well the only name familiar to me who filed a case in Hawaii were Etta Rosales and Neri Colmenares, and you wonder why they were incarcerated during martial law together with Joma and benigno. Most of the listed names were all associated with the NPA during martial law."
@ColmenaresPH you are done colmenares hahaha NPA ka talaga
@News5PH Taenna mga to. Lahat na lang. Yna mo Colmenares! Npa kang hinayupak ka!
Neri colmenares ikaw ang dapat mag sorry dahil noon Marcos regime na jail ka dahil sa paki pag sanib mo sa NPA na hanggang ngayon kayo ang salot ng lipunan. Human rights kayo ang no 1 violators. Kawawa mga kabataan na brain wash ninyo
"Totoo naman biktima si Neri ng ML.
 
 NPA kase sya dati."
"@Aldgy13 Ito talagang bugok na Colmenares, NPA kasi to, may masabi lang ok na."
ATTY NERI COLMENARES exposed by his member as terrorist group CPP-NPA-NDF RECRUITERs leader. Member was promised scholarship education and was tasked to recruit more young students to be members of this terrorist group. https://t.co/YCTkAQyRIN via @YouTube
@ColmenaresPH Your e next in line Colmenares. You are an NPA commander
"@nimfaravelo @dzbb @senkokopimentel Renato Reyes - in-charge sa pagwewelga.
 Neri colminares - distributor ng information and communication in charge sa mga leader ng CCP-NPA-NDF sa ibat ibang panig ng bansa 
 Koko Pimentel - point of communication ng mga Dilawan at US oligarchs na nag-fifinance ng sabotahe sa bansa"
Wag iboto si Neri Colmenares ng Bayan Muna Alam nyo mga Tuta ni JOMA Sison #UnbotheredQueenToniG
@habibi_tinatina Zero vote to CTG CPPNPANDF CADRE Neri Colmenares.
@faithtmercx SO AS THE COMMUNIST TERRORISTS LIKE NERI COLMENARES AND THE MAKABAYAN BLOC WHO ARE JOINING LUTANG. #BastaInggitKakampwet ğŸ˜‚
"@evesileca @inquirerdotnet @JEMendozaINQ I dont think so, with Leni siding with communist terrorists like Makabayan, Gabriella and Neri Colmenares, she will have trust issues on loyalty to the Phil. Government. https://t.co/08AuGbRHlC"
"@Baesil1998 @AlliyahKeziah @boynextfloor1 @nikkidottxt Bago ka makipag debate, basahin mo muna life story ni Joma Sison, kasama na mga kampon niya tulad ni Teddy Casino, Neri Colmenares, Makabayan bloc, Gabreila."
"That's ok Neri Colmenares if you can't attend, you're always present on the street. You're over exposed, you are constantly shouting ""Overthrow the Duterte regime!"" , ""Marcos thief!"" ,""Joma Sison for President!"" what else do you need? Give me a favor shout this ""Let Leni Read!""Ã°Å¸Ëœâ€¦ https://t.co/q84c0yS2Ui"